CSTATUS,ISBN,Title,Author,Publisher,Department,Sell_Price,Stock_OnHand,WEBLIST_Status
ASC,9780993389269,Naturalistic Planting Design - The Essential Guide,DUNNETT NIGEL,FILBER,,99.99,0,active
ASC,9780734418999,Nevermoor - 1 Nevermoor The Trials For Morrigan Crow,TOWNSEND JESSICA,LOTCHI,,29.99,0,active
ASC,9781784872618,Depression - Vintage Mini,STYRON WILLIAM,VINTAG,,9.99,0,not in WEBLIST
ASC,9781784872656,Eating - Vintage Mini,LAWSON NIGELLA,VINTAG,,9.99,0,not in WEBLIST
ASC,9780473507848,Errols Asteroid,MANDERSON ERROL,PRIPUB,,39.99,0,not in WEBLIST
ASC,9780606231381,Last Sacrifice - Vampire Academy 6,MEAD RICHELLE,LIONCR,,0.0,0,not in WEBLIST
ASC,9781877140822,Maori Pedagogies - A View From The Literature,HEMARA WHAREHUIA,NZCER,,23.0,0,not in WEBLIST
ASC,9781784872731,Motherhood - Vintage Mini,SIMPSON HELEN,VINTAG,,9.99,0,not in WEBLIST
ASC,NHOTAHI,Noho Tahi |  | ????,NOHO TAHI COLLECTIVE,5EVERB,,0.0,0,not in WEBLIST
ASC,9780473766061,Parrot Heaven,HOWLAND KANY JESSICA,QUEWIL,,38.0,0,not in WEBLIST
ASC,9780646997407,Road To Redemption - A Championship Journey,MCLAUGHLIN SCOTT,PRIPUB,,72.99,0,not in WEBLIST
ASC,9780992475512,Self Healing By Design - Role Of Micro Organisms For Health,ONEILL BARBARA,PRIPUB,,0.0,0,not in WEBLIST
ASC,9780473613341,Tiger Moths To Top Dressing DC3s,WORSLEY NEVILLE,PRIPUB,,0.0,0,not in WEBLIST
ASC,9780473397081,What Am I Supposed To Eat - Making Sense Of Food Confusion,WEAVER LIBBY,DLO,,39.99,0,not in WEBLIST
CHP,9781571109743,Daily Five - Fostering Literacy Independence In The Elementary Grades,BOUSHEY GAIL / MOSER JOAN,STENHO,,79.99,0,not in WEBLIST
CHP,9780582543287,Te Kakano - Te Whanake 1,MOORFIELD JOHN C,PEARSO,,130.0,0,not in WEBLIST
CHP,9780582545458,Te Kakano - Te Whanake 1 Study Guide,MOORFIELD JOHN,LONGMA,,45.0,0,not in WEBLIST
CHP,9780582545793,Te Mahuri - Study Guide,MOORFIELD JOHN,LONGMA,,32.0,0,not in WEBLIST
CHP,9780582545786,Te Mahuri - Te Whanake 3,MOORFIELD JOHN,PEARSO,,99.0,0,not in WEBLIST
INT,9781684544950,Bridgets Healthy Kitchen - ONLY AVAILABLE FROM HER WEBSITE,DAVIS BRIDGET,******,,0.0,0,not in WEBLIST
INT,9780993139505,Road to Monaco - My Life in Motor Racing,GANLEY HOWDEN,DENPUB,,99.95,0,not in WEBLIST
NLA,9781607107316,Count Of Monte Cristo,DUMAS ALEXANDRE,CANCLA,,26.99,0,active
NLA,CRAYON,Creamy Crayons,,ALEX,,0.0,0,not in WEBLIST
NLA,9798360434740,Lost Book Of Herbal Remedies,SUNGA RANB,INDEPE,,0.0,0,not in WEBLIST
NLA,9781775536000,Loves Me Not - How To Keep Relationships Safe,ELLIOTT LESLEY / OBRIEN WJ,RANDNZ,,24.99,0,not in WEBLIST
NLA,9781568988900,Obsessive Consumption - What Did You Buy Today,BINGAMAN-BURT KATE,PRIARC,,17.99,0,not in WEBLIST
NLA,9780763642662,Odyssey,HINDS GARETH,CANPRE,,0.0,0,not in WEBLIST
NLA,9780995115811,Physics Level 2 Revision Guide - NCEA Level 2 2019,STUDY PASS,STUPAS,,19.99,0,not in WEBLIST
NLA,9781782437796,Road Racer - Its In My Blood,DUNLOP MICHAEL,MICOMA,,41.99,0,not in WEBLIST
NLA,9781849900737,Russia - A 1000 Year Chronicle Of The Wild East,SIXSMITH MARTIN,BBC,,30.0,0,not in WEBLIST
NLA,9780241982884,Secret History - 25th Anniversary Edition,TARTT DONNA,PENGUI,,26.0,0,not in WEBLIST
NLA,9780141365497,Twits,DAHL ROALD,PUFFIN,,21.0,0,not in WEBLIST
NLA,824284900456,Yikerz,YIKERS,YIKERS,,39.9,0,not in WEBLIST
NLD,9780648555766,Fairy Tales Treasury,BARBER SHIRLEY,BROLLY,,29.99,0,active
NLD,9781925956108,Dawn Of The Zombie Apocalypse,MURRAY LEE,IFWGP,,0.0,0,not in WEBLIST
NLD,9781925386004,Enchanted Woods,BARBER SHIRLEY,BORADA,,19.0,0,not in WEBLIST
NLD,9781338670899,Four Me - 4 Catwad,BENTON JIM,SCHUSA,,16.99,0,not in WEBLIST
NLD,9781338326031,Its Me - 2 Catwad,BENTON JIM,SCHUSA,,16.99,0,not in WEBLIST
NLD,9780987306876,Little Fairy and the Diamond Necklace,BARBER SHIRLEY,BROLLY,,12.0,0,not in WEBLIST
NLD,9781922385017,Thank You for Feeding Freckle,,BLUDUC,,19.99,0,not in WEBLIST
NLD,9781338770230,Youre Making Me Six - 6 Catwad,BENTON JIM,SCHUSA,,16.99,0,not in WEBLIST
NOR,9781786697295,Ice,DUKAJ JACEK,HEADOF,,0.0,0,active
NOR,9781911648529,Pearl,HUGHES SIAN,INDIGO,,32.99,0,active
NOR,9781911255345,75 NZ Squadron,WARD CHRIS,PRIPUB,,0.0,0,not in WEBLIST
NOR,9780987450753,Bug Called Doug,COLLIN CHRIS,HERRON,,0.0,0,not in WEBLIST
NOR,9781925849677,Fascists Among Us - Online Hate And The Christchurch Massacre - CANNOT ORDER,SPARROW JEFF,SCRIBE,,24.99,0,not in WEBLIST
NOR,9780593069233,"Going Clear - Scientology, Hollywood and the Prison of Belief",WRIGHT LAWRENCE,BANTAM,,39.99,0,not in WEBLIST
NOR,9780994587008,Mac The Dog Man,VERCOE ELIZABETH,******,,0.0,0,not in WEBLIST
NOR,9780734306876,Madame Bovary - Pink Popular Penguin,FLAUBERT GUSTAVE,PENGUI,,13.99,0,not in WEBLIST
NOR,9781602204614,Magical Silkworm - A Story About A Birthday Gift Told In English And Chinese,XIN LIN,SHAPRE,,24.99,0,not in WEBLIST
NOR,9781607740285,Omnivores Recipe Keeper,SACK CELIA,TENSPE,,0.0,0,not in WEBLIST
NOR,9780316040938,On Killing,GROSSMAN DAVE,BACKBA,,49.99,0,not in WEBLIST
NOR,9781742990330,One Rule For Jack,MORGAN SALLY,OMNCHI,,0.0,0,not in WEBLIST
NOR,9780734306760,Perfume - Pink Popular Penguin,SUSKIND PATRICK,PENGUI,,13.99,0,not in WEBLIST
NOR,9780648786368,Perkins Engineering - The Cars,NOONAN AARON,WOODSL,,0.0,0,not in WEBLIST
NOR,9781787704732,Pet - Europa Edition,CHIDGEY CATHERINE,EUREDI,,36.99,0,not in WEBLIST
NOR,9780571348893,Then It Fell Apart,MOBY,FABER&,,0.0,0,not in WEBLIST
NOR,9781903842133,Total Teaching - Raising The Achievement Of Vulnerable Groups,,MISCEL,,0.0,0,not in WEBLIST
NOR,9781742571973,Walk In Old Sydney,TATLOW MICHAEL,NEWHOL,,0.0,0,not in WEBLIST
NOR,9781781160435,WildC.A.T.S. Volume 1 Deluxe Edition,CHOI BRANDON,TITAN,,0.0,0,not in WEBLIST
NOT,978LEESSCREE2,Less Sreen More Life,CATT ALEX BARTLEY,MISCEL,,0.0,0,not in WEBLIST
NOT,9781486001569,Te Poi Koiora,JOSEPH DARRYN,MISCEL,,0.0,0,not in WEBLIST
OLD,9781405927345,Because of You,FRENCH DAWN,PENGUI,,37.0,0,not in WEBLIST
OLD,9781786078377,Fatal Thing Happened On The Way To The Forum - Murder In Ancient Rome,SOUTHON EMMA,ONEWOR,,36.99,0,not in WEBLIST
OLD,9780735224414,Last Kings of Shanghai - 2 - The Rival Jewish Dynasties That Helped Create Modern China,KAUFMAN JONATHAN,VIKING,,65.0,0,not in WEBLIST
OLD,9780751579949,Troubled Blood - 5 Comoran Strike,GALBRAITH ROBERT,SPHERE,,34.99,0,not in WEBLIST
ORD,9780994101655,Ancient Road Rediscovered - What the Early Church knew,JORDAN M JAMES,PRIPUB,,0.0,0,not in WEBLIST
ORD,9780473244262,Animal Welfare in New Zealand,STAFFORD KEVIN J,NZSANI,,0.0,0,not in WEBLIST
ORD,BECOMING,Becoming Airminded,,******,,0.0,0,not in WEBLIST
ORD,9798283531830,Dry Flies And Wet Socks - Fishing for wild brown trout in Scotland and New Zealand,COUPLAND ROBIN,MISCEL,,0.0,0,not in WEBLIST
ORD,9780473516871,Flying Farmer,GALLOWAY BRUCE,WILDSI,,0.0,0,not in WEBLIST
ORD,GLOBWAR,Global Warming,DUNCAN KELVIN,TROSS,,0.0,0,not in WEBLIST
ORD,9780992282875,Kiwi Cricketers Along The Nile,FRANKS ROB,MISCEL,,0.0,0,not in WEBLIST
ORD,9780648982296,Lloyd Geering - Prophet or Heretic,VEITCH JIM,******,,0.0,0,not in WEBLIST
ORD,9780473515249,One Sun in the Sky -  the untold story of sovereignty and the Treaty of Waitangi,MCQUEEN EWEN,******,,40.0,0,not in WEBLIST
OSI,9781250829665,Blizzard Party,LIVINGS JACK,STMART,,34.99,0,active
OSI,9781474624237,Cinema Speculation,TARANTINO QUENTIN,WEIDEN,,39.99,0,active
OSI,9780983986072,Friendly Floppy Ragdoll Cat - Abridged Edition,MAXWELL KIMBERLY H,PUBLIK,,100.0,0,active
OSI,9780439739337,Kristys Great Idea - 1 Babysitters Club Graphix,MARTIN ANN M,SCHUSA,,16.5,0,active
OSI,9780847863174,Nina Campbell Interior Decoration - Carefree Elegance,KIME GILES,RIZZOL,,69.99,0,active
OSI,9781608633104,3000 What If Questions,PICCADILLY,PICCAD,,24.99,0,not in WEBLIST
OSI,602394031501,50 Something Magnetic Poetry,,MAGNET,,29.9,0,not in WEBLIST
OSI,9781620091340,500 Writing Prompts,PICCADILLY,PICCAD,,24.99,0,not in WEBLIST
OSI,602394030177,ABC 123 - Magnetic Poetry,,MAGNET,,39.99,0,not in WEBLIST
OSI,9780192756268,After Tomorrow,CROSS GILLIAN,OXFORD,,19.99,0,not in WEBLIST
OSI,9780007492190,Alchemist,COELHO PAULO,HARPSF,,30.0,0,not in WEBLIST
OSI,9780099593140,All Girl Filling Stations Last Reunion,FLAGG FANNIE,VINTAG,,26.99,0,not in WEBLIST
OSI,9781472261397,American Dirt,CUMMINS JEANINE,TINDER,,39.99,0,not in WEBLIST
OSI,9781452173313,American Sfoglino,FUNKE EVAN,CHRONI,,69.99,0,not in WEBLIST
OSI,9781869536374,Art Icons Of New Zealand,STEAD OLIVER,BATEMA,,50.0,0,not in WEBLIST
OSI,602394031679,Beach Magnetic Poetry,,MAGNET,,28.5,0,not in WEBLIST
OSI,9780847848089,Beachside Bohemian - Easy Living By The Sea,NOVOGRATZ ROBERT,RIZZOL,,49.99,0,not in WEBLIST
OSI,9780141346144,Beautiful Creatures - 1 Caster Chronicles Film Tie In Edition,GARCIA KAMI / STOHL MARGARET,PENGUI,,23.0,0,not in WEBLIST
OSI,602394030047,Big Print - Magnetic Poetry Large,MAGNETIC POETRY,MAGNET,,39.99,0,not in WEBLIST
OSI,602394031723,Bike Lover - Magnetic Poetry,MAGNETIC POETRY,MAGNET,,29.0,0,not in WEBLIST
OSI,9781922147707,Bird,CHAN CRYSTAL,TEXT,,21.0,0,not in WEBLIST
OSI,602394031235,Bitch Magnetic Poetry,MAGNETIC POETRY,MAGNET,,29.99,0,not in WEBLIST
OSI,9781407235059,Black and Blue,RANKIN IAN,ORION,,14.99,0,not in WEBLIST
OSI,9781250124913,Black Moon - A Novel Of Cornwall 1794-1795,GRAHAM WINSTON,POIBLA,,14.99,0,not in WEBLIST
OSI,9781933682730,Body Double Magifico Magnets,MAGNETIC POETRY,MAGNET,,11.9,0,not in WEBLIST
OSI,9781772753271,Cars Comics Treasury,DISNEY,DISNEY,,14.99,0,not in WEBLIST
OSI,9780393319552,"Chair - Rethinking Culture, Body, and Design",CRANZ GALEN,NORTON,,33.99,0,not in WEBLIST
OSI,9781614286790,Chateau Life - Cuisine And Style In The French Countryside,WEBSTER JANE,ASSOUL,,135.0,0,not in WEBLIST
OSI,9781933682259,Coffee - Magnet,MAGNETIC POETRY,MAGNET,,9.2,0,not in WEBLIST
OSI,9781869537197,Contemporary New Zealand Art 5,CAUGHEY ELIZABETH,BATEMA,,50.0,0,not in WEBLIST
OSI,9780864739735,Dear Neil Roberts,BEAUTRAIS AIRINI,VUP,,25.0,0,not in WEBLIST
OSI,8904186903839,Diamond Geometric Paperback Journal Pack,,DESWAL,,17.99,0,not in WEBLIST
OSI,9781926516004,Disney Frozen Cinestory - Vol 01,DISNEY STORYBOOK ARTISTS,DISNEY,,12.99,0,not in WEBLIST
OSI,9781772754902,Disney Olafs Frozen Adventure Cinestory Comic,DISNEY,DISNEY,,12.99,0,not in WEBLIST
OSI,9781772754858,Disney Pixar Cars Cinestory Comic,DISNEY/PIXAR,PUBLIK,,12.99,0,not in WEBLIST
OSI,9780714860701,Doodle Cook,TULLET HERVE,PHAIDO,,21.0,0,not in WEBLIST
OSI,9781620097533,Dot Grid Essential Notebook Black,PICCADILLY,PICCAD,,24.99,0,not in WEBLIST
OSI,9780908943258,Electric Yachts,BEYER TONY,PURIRI,,25.0,0,not in WEBLIST
OSI,9781847389190,Everafter - A Kissed By An Angel Novel,CHANDLER ELIZABETH,SIMON,,21.0,0,not in WEBLIST
OSI,9781335690050,Evolution Gone Wrong - The Curious Reasons Why Our Bodies Work Or Dont,BEZZERIDES ALEX,HANOVE,,0.0,0,not in WEBLIST
OSI,9780994630407,Fathomless,BECK GREIG,COHPRE,,38.99,0,not in WEBLIST
OSI,9781987955842,Finding Nemo Cinestory Comic,DISNEY PIXAR,DISNEY,,12.99,0,not in WEBLIST
OSI,602394030146,First Words Magnetic Poetry,,MAGNET,,39.99,0,not in WEBLIST
OSI,9781934706268,Flip A Face Cards - Look Baby,BLUE APPLE,CHRONI,,16.99,0,not in WEBLIST
OSI,9781419731068,Free Hand - New Typography Sketchbooks,HELLER STEVEN,ABRAMS,,39.99,0,not in WEBLIST
OSI,9781444707564,Fun And Games,SWIERCZYNSKI DUANE,MULHOL,,29.99,0,not in WEBLIST
OSI,602394030368,Gears - Magnetic Poetry Design,MAGNETIC POETRY,MAGNET,,39.99,0,not in WEBLIST
OSI,602394031747,Geek - Magnetic Poetry,MAGNETIC POETRY,MAGNET,,29.0,0,not in WEBLIST
OSI,602394031303,Genius - Magnetic Poetry,MAGNETIC POETRY,MAGNET,,29.0,0,not in WEBLIST
OSI,9781786061102,Get Rich Vlogging,GRIFFIN ZOE,JOHBLA,,24.99,0,not in WEBLIST
OSI,9781869630560,Gold Rushes - Developments In New Zealand History,BOON KEVIN,WAIATA,,20.0,0,not in WEBLIST
OSI,9781408871348,Good Book - A Secular Bible,GRAYLING A C,BLOOMS,,29.99,0,not in WEBLIST
OSI,9781775540076,Good Life - Four Glorious Seasons in My Country Garden,ONEIL SARAH,HARPNZ,,39.99,0,not in WEBLIST
OSI,602394031587,Haiku - Magnetic Poetry Kit,,MAGNET,,29.99,0,not in WEBLIST
OSI,602394030214,Hebrew Alphabet Kit Magnetic Poetry,MAGNETIC POETRY,MAGNET,,34.5,0,not in WEBLIST
OSI,9781910633199,How To Be Brave,BEECH LOUISE,ORENDA,,27.99,0,not in WEBLIST
OSI,9780747585244,Independence Day - 2 Frank Bascombe,FORD RICHARD,BLOOMS,,24.99,0,not in WEBLIST
OSI,9781407161792,Iron Fist - 1 Iventory,BRIGGS ANDY,SCHOLA,,19.99,0,not in WEBLIST
OSI,9781869630355,James Cook And Other European Explorers,BOON KEVIN,WAIATA,,20.0,0,not in WEBLIST
OSI,9781564586490,Kama Sutra,HOOPER ANNE,DORKIN,,24.99,0,not in WEBLIST
OSI,602394030108,Kids Kit Magnetic Poetry,,MAGNET,,39.99,0,not in WEBLIST
OSI,9781869630591,Land Wars - Developments In New Zealand History,BOON KEVIN,WAIATA,,20.0,0,not in WEBLIST
OSI,602394030399,Letters - Magnetic Poetry Large,MAGNETIC POETRY,MAGNET,,39.99,0,not in WEBLIST
OSI,9781460757130,Life On Earth - 40th Anniversary Edition,ATTENBOROUGH DAVID,HARAUS,,55.0,0,not in WEBLIST
OSI,9781416939597,MacMillan Dictionary for Children,SIMON & SCHUSTER,SIMON,,47.99,0,not in WEBLIST
OSI,094051366062,Magnetic Marbles Pack,,DOWLIN,,12.5,0,not in WEBLIST
OSI,602394031044,Magnetic Poetry - Beat Poet,MAGNETIC POETRY,MAGNET,,29.99,0,not in WEBLIST
OSI,602394031440,Magnetic Poetry - Book Lover,,MAGNET,,29.0,0,not in WEBLIST
OSI,602394031358,Magnetic Poetry - Cat Lover,MAGNETIC POETRY,MAGNET,,29.99,0,not in WEBLIST
OSI,602394031877,Magnetic Poetry - Da Vinci,MAGNETIC POETRY,MAGNET,,29.99,0,not in WEBLIST
OSI,602394031648,Magnetic Poetry - Detective Novel,MAGNETIC POETRY,MAGNET,,30.0,0,not in WEBLIST
OSI,9781890560973,Magnetic Poetry - Erotic,MAGNETIC POETRY,MAGNET,,40.0,0,not in WEBLIST
OSI,602394030504,Magnetic Poetry - French Kit,MAGNETIC POETRY,MAGNET,,45.0,0,not in WEBLIST
OSI,9781890560522,Magnetic Poetry - Gardener,MAGNETIC POETRY,MAGNET,,29.0,0,not in WEBLIST
OSI,602394030603,Magnetic Poetry - German,MAGNETIC POETRY,MAGNET,,45.0,0,not in WEBLIST
OSI,602394031341,Magnetic Poetry - Hot Flash,MAGNETIC POETRY,MAGNET,,29.0,0,not in WEBLIST
OSI,602394030658,Magnetic Poetry - Italian,MAGNETIC POETRY,MAGNET,,45.0,0,not in WEBLIST
OSI,602394031891,Magnetic Poetry - Math Poet,MAGNETIC POETRY,MAGNET,,29.99,0,not in WEBLIST
OSI,602394031204,Magnetic Poetry - Nature,MAGNETIC POETRY,MAGNET,,29.0,0,not in WEBLIST
OSI,9781928576884,Magnetic Poetry - Norwegian,MAGNETIC POETRY,MAGNET,,39.95,0,not in WEBLIST
OSI,602394030009,Magnetic Poetry - Original,MAGNETIC POETRY,MAGNET,,39.99,0,not in WEBLIST
OSI,602394031754,Magnetic Poetry - Pirate,MAGNETIC POETRY,MAGNET,,29.0,0,not in WEBLIST
OSI,602394031297,Magnetic Poetry - Shakespearean,MAGNETIC POETRY,MAGNET,,29.99,0,not in WEBLIST
OSI,9781928576891,Magnetic Poetry - Swedish,MAGNETIC POETRY,MAGNET,,40.0,0,not in WEBLIST
OSI,602394031259,Magnetic Poetry - The Artist,MAGNETIC POETRY,MAGNET,,29.99,0,not in WEBLIST
OSI,602394030023,Magnetic Poetry - the Poet,MAGNETIC POETRY,MAGNET,,39.99,0,not in WEBLIST
OSI,602394031594,Magnetic Poetry - Yiddish,MAGNETIC POETRY,MAGNET,,29.99,0,not in WEBLIST
OSI,602394031242,Magnetic Poetry - Yoga,MAGNETIC POETRY,MAGNET,,29.99,0,not in WEBLIST
OSI,602394031914,Magnetic Poetry - Zen,MAGNETIC POETRY,MAGNET,,29.99,0,not in WEBLIST
OSI,9781869630362,Maori Before The Europeans Came To New Zealand,BOON KEVIN,WAIATA,,20.0,0,not in WEBLIST
OSI,9780785831655,Marvel - The Characters And Their Universe,MALLORY MICHAEL,CHARTW,,49.99,0,not in WEBLIST
OSI,9781684053568,Mickey Mouse - The 90th Anniversary Collection,GOTTFREDSON FLOYD,IDW,,19.99,0,not in WEBLIST
OSI,9781869630379,Missionaries And Traders - Developments In New Zealand History,BOON KEVIN,WAIATA,,20.0,0,not in WEBLIST
OSI,8716951210901,Monet - Wallet Notecards,BEKKING AND BLITZ,BEKKIN,,26.99,0,not in WEBLIST
OSI,602394031518,Music Lover - Magnetic Poetry,MAGNETIC POETRY,MAGNET,,29.99,0,not in WEBLIST
OSI,9781509885589,New Testament,BROWN JERICHO,PICADO,,32.99,0,not in WEBLIST
OSI,9781869661632,New Zealand Through Time - An Illustrated Journey Through 83 Million Years Of Natural History,COMETTI RONALD,NEWHOL,,32.0,0,not in WEBLIST
OSI,9780473138554,Ngati Inanga No Maketu,WEROHIA NA,PRIPUB,,17.0,0,not in WEBLIST
OSI,9781416511564,Power of Your Subconscious Mind,MURPHY JOSEPH,POCKET,,24.99,0,not in WEBLIST
OSI,7290108380262,Rummikub - With A Twist,,MISCEL,,49.99,0,not in WEBLIST
OSI,9781922079503,Selected Stories - Text Classics,MANSFIELD KATHERINE,TEXT,,15.99,0,not in WEBLIST
OSI,602394030696,Sexual Innuendo - Magnetic,MAGNETIC POETRY,MAGNET,,39.99,0,not in WEBLIST
OSI,4895069301863,Shanghai Posters - The Power Of Advertising,HESTLER ANNA,FORASI,,14.99,0,not in WEBLIST
OSI,9781439725399,Shiraz - Midi Lined,PAPERBLANKS,PAPBLA,,29.99,0,inactive
OSI,9781571335524,Small Notebook - Ruled,,PICCAD,,12.99,0,not in WEBLIST
OSI,9781608634323,Soft Leather Look Journal Brown,PICCADILLY,PICCAD,,24.99,0,not in WEBLIST
OSI,078628530063,Spanish Language Flash Cards - Palabras E Imagene,TREND ENTERPRISES,TREENT,,18.99,0,not in WEBLIST
OSI,9781612435282,Spencerian Handwriting -  The Complete Collection of Theory and Practical Workbooks for Perfect Cursive and Hand Lettering,SPENCER PLATTS ROGER,ULYSSE,,0.0,0,not in WEBLIST
OSI,9781608631599,Story Of My Life,,PICCAD,,19.99,0,not in WEBLIST
OSI,9781922179630,Stray - 2,CRAW RACHAEL,WALKER,,21.99,0,not in WEBLIST
OSI,9781618371966,Things You Should Know How To Do,HEARST,HEARST,,14.99,0,not in WEBLIST
OSI,602394031761,Vampire - Magnetic Poetry,MAGNETIC POETRY,MAGNET,,29.0,0,not in WEBLIST
OSI,9781250024183,Vengeance - 5 Quirke,BLACK BENJAMIN,POIBLA,,19.99,0,not in WEBLIST
OSI,028947794608,Villazon Verdi,VILLAZON ROLANDO,MARBE,,17.5,0,not in WEBLIST
OSI,9781406310948,Were Going On A Bear Hunt - Book And CD,ROSEN MICHAEL,WALKER,,21.99,0,not in WEBLIST
OSI,9781946022257,Winter Love,HAN SUYIN,MCNALL,,45.0,0,not in WEBLIST
OSI,9781869509255,Yes,BURNSIDE DEBORAH,HARPNZ,,23.0,0,not in WEBLIST
OSI,602394030313,Yoyo - Magnetic Poetry Design,MAGNETIC POETRY,MAGNET,,21.99,0,not in WEBLIST
PBA,9780008519889,BOT,WALLIAMS DAVID,HARPCO,,29.99,0,active
PBA,9780393707618,8 Keys to Trauma and Addiction Recovery,NAJAVITS LISA M,NORTON,,40.0,0,not in WEBLIST
PBA,9781846556302,Back To Back,FRANCK JULIA,HARVIL,,35.0,0,not in WEBLIST
PBA,9781472142139,Barbarians - Rebellion and Resistance to the Roman Empire,KERSHAW STEPHEN P,ROBINS,,27.99,0,not in WEBLIST
PBA,9781788682985,Beautiful World Australia,LONELY PLANET,LONGLO,,34.99,0,not in WEBLIST
PBA,9781776950744,Bone People - Popular Penguin,HULME KERI,PENGNZ,,15.99,0,not in WEBLIST
PBA,9780415475280,Colloquial Hebrew,LYTTLETON ZIPPY,ROUTLE,,0.0,0,not in WEBLIST
PBA,9781771606516,Dancing with the Abyss,WYLIE KEN,ROCMOU,,49.99,0,not in WEBLIST
PBA,DEADAIM,Dead Aim - 10,LANSDALE JOE,INGRAM,,0.0,0,not in WEBLIST
PBA,9781787632790,Hope I Get Old Before I Die -  Why rock stars never retire,HEPWORTH DAVID,BANTAM,,40.0,0,not in WEBLIST
PBA,9781848317246,Introducing Overcoming Depression,FURNESS-SMITH PATRICIA,ICON,,0.0,0,not in WEBLIST
PBA,9781472126856,Lost Girls Love War and Literature - 1939-51,TAYLOR DJ,CONSTA,,37.99,0,not in WEBLIST
PBA,9780241444146,Magic of Sleep And The Science Of Dreams,WOODGATE VICKY,DKCHIL,,24.0,0,not in WEBLIST
PBA,9780375971396,Red Winter - 5 Tapestry,NEFF HENRY,RANDOM,,0.0,0,not in WEBLIST
PBA,9781416986782,Strange Fate - Night World 10 - Publication ABANDONED,SMITH L J,SIMPUL,,0.0,0,not in WEBLIST
PBA,9781911545323,Witches Are Coming,WEST LINDY,MELVIL,,27.99,0,not in WEBLIST
PBD,9781988538273,Amazing Machines Down Under,STEVE REID,BATEMA,,0.0,0,active
PBD,9781775541837,How to Escape from Prison,WOOD PAUL,HARPNZ,,29.99,0,active
PBD,9781460766774,Researchers First Murder - The new literary puzzle,FINNEMORE JOHN,HARAUS,,22.99,0,active
PBD,9781775534679,Baboomfa! Hunting Tales From Around The World,HUGHES DAVEY,RANDOM,,0.0,0,not in WEBLIST
PBD,9781780222318,Blue Dreams,LEONARD ELMORE,******,,0.0,0,not in WEBLIST
PBD,9781775542063,Dying To Know,DOBSON LIZ,HARPNZ,,0.0,0,not in WEBLIST
PBD,5SWORDOFSHADO,Sword Of Shadows - 5,JONES J V,ORBIT,,60.0,0,not in WEBLIST
PBD,9780575088511,Thorn Of Emberlain - 4 The Gentleman Bastard Sequence,LYNCH SCOTT,GOLLAN,,37.99,0,not in WEBLIST
PBD,9780987667588,Through To The End - The History Of 487 NZ Squadron RAF,PALMER DAVID / NEEVEN AAD,JOHNDO,,85.0,0,not in WEBLIST
PBD,9781593279622,Unofficial Lego Builders Guide - 3rd Edition,BEDFORD ALLAN,MISCEL,,48.0,0,not in WEBLIST
PBD,9781849705318,Warmaster,ABNETT DAN,GAMWOR,,0.0,0,not in WEBLIST
PDR,9780473244996,Little Truff and the Siamese Cat - 2 Little Truff,RUSSELL ANN,AMPUBL,,23.0,0,active
PDR,9781738599479,Orion Rising,PAWLEY CHARD,NINHOU,,0.0,0,active
PDR,978099413493,Architects At The Apex,MEW GEOFF / HUMPHRIS ADRIAN,NGAIO,,0.0,0,not in WEBLIST
PDR,9780959789218,Cancer Conspiracy - What You Must Know About the Worst Plague in Human,JEFFREYS TONI,CRONES,,30.0,0,not in WEBLIST
PDR,EVERYTHINGI,Everything I Am,BROUGHTON NEAVIN,MISCEL,,0.0,0,not in WEBLIST
PDR,9780473135225,Footsteps Of Fire - 1 Ngati Dread,GILLIES ANGUS,ROGMON,,29.9,0,not in WEBLIST
PDR,9780473669393,Is New Zealand A Fortunate Country,MAIDEN COLIN,PRIPUB,,74.99,0,not in WEBLIST
PDR,9780473203092,Little Truff - 1 Little Truff,RUSSELL ANN,AMPUBL,,23.0,0,not in WEBLIST
PDR,9780473151645,No Dreadlocks No Cry - 2 Ngati Dread,GILLIES ANGUS,ROGMON,,29.9,0,not in WEBLIST
PDR,9780473195021,Revelations - 3 Ngati Dread,GILLIES ANGUS,ROGMON,,30.0,0,not in WEBLIST
PUA,9780571398478,Torchfire,BUFFINI MOIRA,FABER&,,29.99,0,active
PUA,9780241683965,Billy And The Epic Escape - 2 Billy,OLIVER JAMIE,PUFFUK,,0.0,0,not in WEBLIST
PUA,9780241461846,Life On A Knifes Edge -  A Brain Surgeons Reflections on Life Loss And Survival,JANDIAL RAHUL,PENLIF,,26.0,0,not in WEBLIST
PUA,9781398510630,Preloved,BRAVO LAUREN,SIMON&,,0.0,0,not in WEBLIST
PUA,9780008394660,Snow Widows - Scotts Fatal Antarctic Expedition By The Women They Left Behind,MACINNES KATHERINE,WILCOL,,37.99,0,not in WEBLIST
WFC,MAYSERI5,5 May Series,JOHNSTON PHYLLIS,PRIPUB,,29.9,0,not in WEBLIST
